Time,MSD
0.000000000000000000e+00,2.753358094853553252e-19
1.001001001001000992e-02,2.775642448236132942e-13
2.002002002002001985e-02,5.359797488428827302e-13
3.003003003003002977e-02,7.817503823836553654e-13
4.004004004004003969e-02,1.017202183740366169e-12
5.005005005005004615e-02,1.243682827286124278e-12
6.006006006006005954e-02,1.462104907885923948e-12
7.007007007007007293e-02,1.673142742168355591e-12
8.008008008008007939e-02,1.877324798179228722e-12
9.009009009009008584e-02,2.075083761243994731e-12
1.001001001001000923e-01,2.266786039653540503e-12
1.101101101101101126e-01,2.452750114466276664e-12
1.201201201201201191e-01,2.633258408064877197e-12
1.301301301301301394e-01,2.808565220373319620e-12
1.401401401401401459e-01,2.978902204975479487e-12
1.501501501501501523e-01,3.144482267256033704e-12
1.601601601601601588e-01,3.305502426718331395e-12
1.701701701701701652e-01,3.462145983395882656e-12
1.801801801801801717e-01,3.614584205267239899e-12
1.901901901901901781e-01,3.762977677488699754e-12
2.002002002002001846e-01,3.907477406504457542e-12
2.102102102102102188e-01,4.048225741722860799e-12
2.202202202202202252e-01,4.185357157873404581e-12
2.302302302302302317e-01,4.318998928365283206e-12
2.402402402402402382e-01,4.449271711477104600e-12
2.502502502502502724e-01,4.576290065475585674e-12
2.602602602602602788e-01,4.700162904818840114e-12
2.702702702702702853e-01,4.820993906832526671e-12
2.802802802802802917e-01,4.938881876262204435e-12
2.902902902902902982e-01,5.053921073648909271e-12
3.003003003003003046e-01,5.166201512382658295e-12
3.103103103103103111e-01,5.275809228451333831e-12
3.203203203203203175e-01,5.382826526247706644e-12
3.303303303303303240e-01,5.487332203276323327e-12
3.403403403403403304e-01,5.589401756180592354e-12
3.503503503503503369e-01,5.689107570165090942e-12
3.603603603603603434e-01,5.786519093602028321e-12
3.703703703703703498e-01,5.881702999371446117e-12
3.803803803803803563e-01,5.974723334283125010e-12
3.903903903903903627e-01,6.065641657757079393e-12
4.004004004004003692e-01,6.154517170793737610e-12
4.104104104104104311e-01,6.241406836140127140e-12
4.204204204204204376e-01,6.326365490451081595e-12
4.304304304304304440e-01,6.409445949152075655e-12
4.404404404404404505e-01,6.490699104630271600e-12
4.504504504504504570e-01,6.570174018311193772e-12
4.604604604604604634e-01,6.647918007118105929e-12
4.704704704704704699e-01,6.723976724758805280e-12
4.804804804804804763e-01,6.798394238238721660e-12
4.904904904904904828e-01,6.871213099959135676e-12
5.005005005005005447e-01,6.942474415724172035e-12
5.105105105105105512e-01,7.012217908949347203e-12
5.205205205205205576e-01,7.080481981337176142e-12
5.305305305305305641e-01,7.147303770261286852e-12
5.405405405405405705e-01,7.212719203079170469e-12
5.505505505505505770e-01,7.276763048574768136e-12
5.605605605605605835e-01,7.339468965715229063e-12
5.705705705705705899e-01,7.400869549891120222e-12
5.805805805805805964e-01,7.460996376795902958e-12
5.905905905905906028e-01,7.519880044088412077e-12
6.006006006006006093e-01,7.577550210971163715e-12
6.106106106106106157e-01,7.634035635807508454e-12
6.206206206206206222e-01,7.689364211891766050e-12
6.306306306306306286e-01,7.743563001478439023e-12
6.406406406406406351e-01,7.796658268169189994e-12
6.506506506506506415e-01,7.848675507749692250e-12
6.606606606606606480e-01,7.899639477562255917e-12
6.706706706706706544e-01,7.949574224494601974e-12
6.806806806806806609e-01,7.998503111659937984e-12
6.906906906906906674e-01,8.046448843838876930e-12
7.007007007007006738e-01,8.093433491749202342e-12
7.107107107107106803e-01,8.139478515205623286e-12
7.207207207207206867e-01,8.184604785227811213e-12
7.307307307307306932e-01,8.228832605151572684e-12
7.407407407407406996e-01,8.272181730794832547e-12
7.507507507507507061e-01,8.314671389727034100e-12
7.607607607607607125e-01,8.356320299687843779e-12
7.707707707707707190e-01,8.397146686198382158e-12
7.807807807807807254e-01,8.437168299405787772e-12
7.907907907907907319e-01,8.476402430199677825e-12
8.008008008008007383e-01,8.514865925636850026e-12
8.108108108108108558e-01,8.552575203708679575e-12
8.208208208208208623e-01,8.589546267483663581e-12
8.308308308308308687e-01,8.625794718655925412e-12
8.408408408408408752e-01,8.661335770528728829e-12
8.508508508508508816e-01,8.696184260460567061e-12
8.608608608608608881e-01,8.730354661799862010e-12
8.708708708708708945e-01,8.763861095332985600e-12
8.808808808808809010e-01,8.796717340268969511e-12
8.908908908908909074e-01,8.828936844783046537e-12
9.009009009009009139e-01,8.860532736140032653e-12
9.109109109109109204e-01,8.891517830417406991e-12
9.209209209209209268e-01,8.921904641847016308e-12
9.309309309309309333e-01,8.951705391793231962e-12
9.409409409409409397e-01,8.980932017384537598e-12
9.509509509509509462e-01,9.009596179814663031e-12
9.609609609609609526e-01,9.037709272328523533e-12
9.709709709709709591e-01,9.065282427907411119e-12
9.809809809809809655e-01,9.092326526667278557e-12
9.909909909909909720e-01,9.118852202983073118e-12
1.001001001001001089e+00,9.144869852351592392e-12
1.011011011011011096e+00,9.170389638004578414e-12
1.021021021021021102e+00,9.195421497283275192e-12
1.031031031031031109e+00,9.219975147785012355e-12
1.041041041041041115e+00,9.244060093291975339e-12
1.051051051051051122e+00,9.267685629491669852e-12
1.061061061061061128e+00,9.290860849498255526e-12
1.071071071071071135e+00,9.313594649183379227e-12
1.081081081081081141e+00,9.335895732324745908e-12
1.091091091091091148e+00,9.357772615580239972e-12
1.101101101101101154e+00,9.379233633295077329e-12
1.111111111111111160e+00,9.400286942149038552e-12
1.121121121121121167e+00,9.420940525650536296e-12
1.131131131131131173e+00,9.441202198483909867e-12
1.141141141141141180e+00,9.461079610716057064e-12
1.151151151151151186e+00,9.480580251868227522e-12
1.161161161161161193e+00,9.499711454858467288e-12
1.171171171171171199e+00,9.518480399820007314e-12
1.181181181181181206e+00,9.536894117800589641e-12
1.191191191191191212e+00,9.554959494347537646e-12
1.201201201201201219e+00,9.572683272983063290e-12
1.211211211211211225e+00,9.590072058574209021e-12
1.221221221221221231e+00,9.607132320601510117e-12
1.231231231231231238e+00,9.623870396330338921e-12
1.241241241241241244e+00,9.640292493888685571e-12
1.251251251251251251e+00,9.656404695254937605e-12
1.261261261261261257e+00,9.672212959159112558e-12
1.271271271271271264e+00,9.687723123900763429e-12
1.281281281281281270e+00,9.702940910086696094e-12
1.291291291291291277e+00,9.717871923291453569e-12
1.301301301301301283e+00,9.732521656643429960e-12
1.311311311311311290e+00,9.746895493339276576e-12
1.321321321321321296e+00,9.760998709089235222e-12
1.331331331331331302e+00,9.774836474495844689e-12
1.341341341341341309e+00,9.788413857368379183e-12
1.351351351351351315e+00,9.801735824975314443e-12
1.361361361361361322e+00,9.814807246236931521e-12
1.371371371371371328e+00,9.827632893860155228e-12
1.381381381381381335e+00,9.840217446417622526e-12
1.391391391391391341e+00,9.852565490372817768e-12
1.401401401401401348e+00,9.864681522053134332e-12
1.411411411411411354e+00,9.876569949572592952e-12
1.421421421421421361e+00,9.888235094705840394e-12
1.431431431431431367e+00,9.899681194715082852e-12
1.441441441441441373e+00,9.910912404131409707e-12
1.451451451451451380e+00,9.921932796492031139e-12
1.461461461461461386e+00,9.932746366034807694e-12
1.471471471471471393e+00,9.943357029351394973e-12
1.481481481481481399e+00,9.953768627000336301e-12
1.491491491491491406e+00,9.963984925081331215e-12
1.501501501501501412e+00,9.974009616771833320e-12
1.511511511511511419e+00,9.983846323827182709e-12
1.521521521521521425e+00,9.993498598045319886e-12
1.531531531531531432e+00,1.000296992269715068e-11
1.541541541541541438e+00,1.001226371392360582e-11
1.551551551551551444e+00,1.002138332210032095e-11
1.561561561561561451e+00,1.003033203317091280e-11
1.571571571571571457e+00,1.003911306994974508e-11
1.581581581581581464e+00,1.004772959339505471e-11
1.591591591591591470e+00,1.005618470385325605e-11
1.601601601601601477e+00,1.006448144227527446e-11
1.611611611611611705e+00,1.007262279140562812e-11
1.621621621621621712e+00,1.008061167694507074e-11
1.631631631631631718e+00,1.008845096868744956e-11
1.641641641641641725e+00,1.009614348163153466e-11
1.651651651651651731e+00,1.010369197706846576e-11
1.661661661661661737e+00,1.011109916364544837e-11
1.671671671671671744e+00,1.011836769840635669e-11
1.681681681681681750e+00,1.012550018780983945e-11
1.691691691691691757e+00,1.013249918872548931e-11
1.701701701701701763e+00,1.013936720940868009e-11
1.711711711711711770e+00,1.014610671045457742e-11
1.721721721721721776e+00,1.015272010573188347e-11
1.731731731731731783e+00,1.015920976329679561e-11
1.741741741741741789e+00,1.016557800628771371e-11
1.751751751751751796e+00,1.017182711380112101e-11
1.761761761761761802e+00,1.017795932174914909e-11
1.771771771771771808e+00,1.018397682369924372e-11
1.781781781781781815e+00,1.018988177169638403e-11
1.791791791791791821e+00,1.019567627706826849e-11
1.801801801801801828e+00,1.020136241121387333e-11
1.811811811811811834e+00,1.020694220637577425e-11
1.821821821821821841e+00,1.021241765639664026e-11
1.831831831831831847e+00,1.021779071746023078e-11
1.841841841841841854e+00,1.022306330881729837e-11
1.851851851851851860e+00,1.022823731349670872e-11
1.861861861861861867e+00,1.023331457900215947e-11
1.871871871871871873e+00,1.023829691799478344e-11
1.881881881881881879e+00,1.024318610896200663e-11
1.891891891891891886e+00,1.024798389687291433e-11
1.901901901901901892e+00,1.025269199382048579e-11
1.911911911911911899e+00,1.025731207965095752e-11
1.921921921921921905e+00,1.026184580258061241e-11
1.931931931931931912e+00,1.026629477980026783e-11
1.941941941941941918e+00,1.027066059806774055e-11
1.951951951951951925e+00,1.027494481428855976e-11
1.961961961961961931e+00,1.027914895608515304e-11
1.971971971971971938e+00,1.028327452235480550e-11
1.981981981981981944e+00,1.028732298381657800e-11
1.991991991991991950e+00,1.029129578354748180e-11
2.002002002002002179e+00,1.029519433750808234e-11
2.012012012012012185e+00,1.029902003505781012e-11
2.022022022022022192e+00,1.030277423946014840e-11
2.032032032032032198e+00,1.030645828837796085e-11
2.042042042042042205e+00,1.031007349435913058e-11
2.052052052052052211e+00,1.031362114531272380e-11
2.062062062062062218e+00,1.031710250497588797e-11
2.072072072072072224e+00,1.032051881337167212e-11
2.082082082082082231e+00,1.032387128725793703e-11
2.092092092092092237e+00,1.032716112056758342e-11
2.102102102102102243e+00,1.033038948484024161e-11
2.112112112112112250e+00,1.033355752964559418e-11
2.122122122122122256e+00,1.033666638299854950e-11
2.132132132132132263e+00,1.033971715176637620e-11
2.142142142142142269e+00,1.034271092206800520e-11
2.152152152152152276e+00,1.034564875966562861e-11
2.162162162162162282e+00,1.034853171034877334e-11
2.172172172172172289e+00,1.035136080031099778e-11
2.182182182182182295e+00,1.035413703651934108e-11
2.192192192192192302e+00,1.035686140707669933e-11
2.202202202202202308e+00,1.035953488157725957e-11
2.212212212212212314e+00,1.036215841145510957e-11
2.222222222222222321e+00,1.036473293032620594e-11
2.232232232232232327e+00,1.036725935432378294e-11
2.242242242242242334e+00,1.036973858242736355e-11
2.252252252252252340e+00,1.037217149678549887e-11
2.262262262262262347e+00,1.037455896303234240e-11
2.272272272272272353e+00,1.037690183059819499e-11
2.282282282282282360e+00,1.037920093301414317e-11
2.292292292292292366e+00,1.038145708821088622e-11
2.302302302302302373e+00,1.038367109881189737e-11
2.312312312312312379e+00,1.038584375242099998e-11
2.322322322322322385e+00,1.038797582190448612e-11
2.332332332332332392e+00,1.039006806566788290e-11
2.342342342342342398e+00,1.039212122792746635e-11
2.352352352352352405e+00,1.039413603897662171e-11
2.362362362362362411e+00,1.039611321544716299e-11
2.372372372372372418e+00,1.039805346056570244e-11
2.382382382382382424e+00,1.039995746440516355e-11
2.392392392392392431e+00,1.040182590413152964e-11
2.402402402402402437e+00,1.040365944424593638e-11
2.412412412412412444e+00,1.040545873682218410e-11
2.422422422422422450e+00,1.040722442173975070e-11
2.432432432432432456e+00,1.040895712691242468e-11
2.442442442442442463e+00,1.041065746851259386e-11
2.452452452452452469e+00,1.041232605119132230e-11
2.462462462462462476e+00,1.041396346829427192e-11
2.472472472472472482e+00,1.041557030207353337e-11
2.482482482482482489e+00,1.041714712389549078e-11
2.492492492492492495e+00,1.041869449444474273e-11
2.502502502502502502e+00,1.042021296392420244e-11
2.512512512512512508e+00,1.042170307225140774e-11
2.522522522522522515e+00,1.042316534925115562e-11
2.532532532532532521e+00,1.042460031484449361e-11
2.542542542542542527e+00,1.042600847923416171e-11
2.552552552552552534e+00,1.042739034308654304e-11
2.562562562562562540e+00,1.042874639771019918e-11
2.572572572572572547e+00,1.043007712523103368e-11
2.582582582582582553e+00,1.043138299876417767e-11
2.592592592592592560e+00,1.043266448258263447e-11
2.602602602602602566e+00,1.043392203228275619e-11
2.612612612612612573e+00,1.043515609494662147e-11
2.622622622622622579e+00,1.043636710930134370e-11
2.632632632632632586e+00,1.043755550587540819e-11
2.642642642642642592e+00,1.043872170715206080e-11
2.652652652652652598e+00,1.043986612771982096e-11
2.662662662662662605e+00,1.044098917442016724e-11
2.672672672672672611e+00,1.044209124649246370e-11
2.682682682682682618e+00,1.044317273571613956e-11
2.692692692692692624e+00,1.044423402655023716e-11
2.702702702702702631e+00,1.044527549627030717e-11
2.712712712712712637e+00,1.044629751510277207e-11
2.722722722722722644e+00,1.044730044635673548e-11
2.732732732732732650e+00,1.044828464655334543e-11
2.742742742742742657e+00,1.044925046555271974e-11
2.752752752752752663e+00,1.045019824667849809e-11
2.762762762762762669e+00,1.045112832684006121e-11
2.772772772772772676e+00,1.045204103665244457e-11
2.782782782782782682e+00,1.045293670055403713e-11
2.792792792792792689e+00,1.045381563692203611e-11
2.802802802802802695e+00,1.045467815818576902e-11
2.812812812812812702e+00,1.045552457093787846e-11
2.822822822822822708e+00,1.045635517604343395e-11
2.832832832832832715e+00,1.045717026874698725e-11
2.842842842842842721e+00,1.045797013877763558e-11
2.852852852852852727e+00,1.045875507045211388e-11
2.862862862862862734e+00,1.045952534277595474e-11
2.872872872872872740e+00,1.046028122954275822e-11
2.882882882882882747e+00,1.046102299943159233e-11
2.892892892892892753e+00,1.046175091610259376e-11
2.902902902902902760e+00,1.046246523829076248e-11
2.912912912912912766e+00,1.046316621989799196e-11
2.922922922922922773e+00,1.046385411008340481e-11
2.932932932932932779e+00,1.046452915335197248e-11
2.942942942942942786e+00,1.046519158964149050e-11
2.952952952952952792e+00,1.046584165440792503e-11
2.962962962962962798e+00,1.046647957870916168e-11
2.972972972972972805e+00,1.046710558928718076e-11
2.982982982982982811e+00,1.046771990864870412e-11
2.992992992992992818e+00,1.046832275514433957e-11
3.003003003003002824e+00,1.046891434304622596e-11
3.013013013013012831e+00,1.046949488262423886e-11
3.023023023023022837e+00,1.047006458022077602e-11
3.033033033033032844e+00,1.047062363832412609e-11
3.043043043043042850e+00,1.047117225564048663e-11
3.053053053053052857e+00,1.047171062716462178e-11
3.063063063063062863e+00,1.047223894424920169e-11
3.073073073073072869e+00,1.047275739467284620e-11
3.083083083083082876e+00,1.047326616270690024e-11
3.093093093093092882e+00,1.047376542918095078e-11
3.103103103103102889e+00,1.047425537154713365e-11
3.113113113113112895e+00,1.047473616394322384e-11
3.123123123123122902e+00,1.047520797725454800e-11
3.133133133133132908e+00,1.047567097917475802e-11
3.143143143143142915e+00,1.047612533426544456e-11
3.153153153153152921e+00,1.047657120401464875e-11
3.163163163163162928e+00,1.047700874689427374e-11
3.173173173173172934e+00,1.047743811841643635e-11
3.183183183183182940e+00,1.047785947118875083e-11
3.193193193193192947e+00,1.047827295496858357e-11
3.203203203203202953e+00,1.047867871671630599e-11
3.213213213213213404e+00,1.047907690064752171e-11
3.223223223223223410e+00,1.047946764828435979e-11
3.233233233233233417e+00,1.047985109850577279e-11
3.243243243243243423e+00,1.048022738759691561e-11
3.253253253253253430e+00,1.048059664929759045e-11
3.263263263263263436e+00,1.048095901484980165e-11
3.273273273273273443e+00,1.048131461304440090e-11
3.283283283283283449e+00,1.048166357026687297e-11
3.293293293293293456e+00,1.048200601054227170e-11
3.303303303303303462e+00,1.048234205557930770e-11
3.313313313313313468e+00,1.048267182481360249e-11
3.323323323323323475e+00,1.048299543545016552e-11
3.333333333333333481e+00,1.048331300250504399e-11
3.343343343343343488e+00,1.048362463884620693e-11
3.353353353353353494e+00,1.048393045523367796e-11
3.363363363363363501e+00,1.048423056035890233e-11
3.373373373373373507e+00,1.048452506088337721e-11
3.383383383383383514e+00,1.048481406147657922e-11
3.393393393393393520e+00,1.048509766485315364e-11
3.403403403403403527e+00,1.048537597180944926e-11
3.413413413413413533e+00,1.048564908125932146e-11
3.423423423423423539e+00,1.048591709026930835e-11
3.433433433433433546e+00,1.048618009409313486e-11
3.443443443443443552e+00,1.048643818620556257e-11
3.453453453453453559e+00,1.048669145833562066e-11
3.463463463463463565e+00,1.048694000049920688e-11
3.473473473473473572e+00,1.048718390103109556e-11
3.483483483483483578e+00,1.048742324661631553e-11
3.493493493493493585e+00,1.048765812232098524e-11
3.503503503503503591e+00,1.048788861162253390e-11
3.513513513513513598e+00,1.048811479643937497e-11
3.523523523523523604e+00,1.048833675716003364e-11
3.533533533533533610e+00,1.048855457267170225e-11
3.543543543543543617e+00,1.048876832038829985e-11
3.553553553553553623e+00,1.048897807627797274e-11
3.563563563563563630e+00,1.048918391489010706e-11
3.573573573573573636e+00,1.048938590938181794e-11
3.583583583583583643e+00,1.048958413154395889e-11
3.593593593593593649e+00,1.048977865182663349e-11
3.603603603603603656e+00,1.048996953936424348e-11
3.613613613613613662e+00,1.049015686200005051e-11
3.623623623623623669e+00,1.049034068631030012e-11
3.633633633633633675e+00,1.049052107762787872e-11
3.643643643643643681e+00,1.049069810006553774e-11
3.653653653653653688e+00,1.049087181653867495e-11
3.663663663663663694e+00,1.049104228878770716e-11
3.673673673673673701e+00,1.049120957740001471e-11
3.683683683683683707e+00,1.049137374183145786e-11
3.693693693693693714e+00,1.049153484042752648e-11
3.703703703703703720e+00,1.049169293044407443e-11
3.713713713713713727e+00,1.049184806806766795e-11
3.723723723723723733e+00,1.049200030843555103e-11
3.733733733733733740e+00,1.049214970565525059e-11
3.743743743743743746e+00,1.049229631282380519e-11
3.753753753753753752e+00,1.049244018204663347e-11
3.763763763763763759e+00,1.049258136445605202e-11
3.773773773773773765e+00,1.049271991022946202e-11
3.783783783783783772e+00,1.049285586860716435e-11
3.793793793793793778e+00,1.049298928790987738e-11
3.803803803803803785e+00,1.049312021555589937e-11
3.813813813813813791e+00,1.049324869807797193e-11
3.823823823823823798e+00,1.049337478113980755e-11
3.833833833833833804e+00,1.049349850955232292e-11
3.843843843843843811e+00,1.049361992728958003e-11
3.853853853853853817e+00,1.049373907750438942e-11
3.863863863863863823e+00,1.049385600254366641e-11
3.873873873873873830e+00,1.049397074396348024e-11
3.883883883883883836e+00,1.049408334254380927e-11
3.893893893893893843e+00,1.049419383830306185e-11
3.903903903903903849e+00,1.049430227051226439e-11
3.913913913913913856e+00,1.049440867770905402e-11
3.923923923923923862e+00,1.049451309771134963e-11
3.933933933933933869e+00,1.049461556763080487e-11
3.943943943943943875e+00,1.049471612388599625e-11
3.953953953953953881e+00,1.049481480221536874e-11
3.963963963963963888e+00,1.049491163768993115e-11
3.973973973973973894e+00,1.049500666472572676e-11
3.983983983983983901e+00,1.049509991709606341e-11
3.993993993993993907e+00,1.049519142794352044e-11
4.004004004004004358e+00,1.049528122979171510e-11
4.014014014014014364e+00,1.049536935455688626e-11
4.024024024024024371e+00,1.049545583355920515e-11
4.034034034034034377e+00,1.049554069753394390e-11
4.044044044044044384e+00,1.049562397664236462e-11
4.054054054054054390e+00,1.049570570048246143e-11
4.064064064064064397e+00,1.049578589809947470e-11
4.074074074074074403e+00,1.049586459799620818e-11
4.084084084084084409e+00,1.049594182814316521e-11
4.094094094094094416e+00,1.049601761598848780e-11
4.104104104104104422e+00,1.049609198846771639e-11
4.114114114114114429e+00,1.049616497201334931e-11
4.124124124124124435e+00,1.049623659256425837e-11
4.134134134134134442e+00,1.049630687557488643e-11
4.144144144144144448e+00,1.049637584602431086e-11
4.154154154154154455e+00,1.049644352842511144e-11
4.164164164164164461e+00,1.049650994683208328e-11
4.174174174174174468e+00,1.049657512485079458e-11
4.184184184184184474e+00,1.049663908564596338e-11
4.194194194194194480e+00,1.049670185194970040e-11
4.204204204204204487e+00,1.049676344606958525e-11
4.214214214214214493e+00,1.049682388989659095e-11
4.224224224224224500e+00,1.049688320491287429e-11
4.234234234234234506e+00,1.049694141219939973e-11
4.244244244244244513e+00,1.049699853244343579e-11
4.254254254254254519e+00,1.049705458594590919e-11
4.264264264264264526e+00,1.049710959262861679e-11
4.274274274274274532e+00,1.049716357204131320e-11
4.284284284284284539e+00,1.049721654336865136e-11
4.294294294294294545e+00,1.049726852543699867e-11
4.304304304304304551e+00,1.049731953672113845e-11
4.314314314314314558e+00,1.049736959535082602e-11
4.324324324324324564e+00,1.049741871911724293e-11
4.334334334334334571e+00,1.049746692547930425e-11
4.344344344344344577e+00,1.049751423156988018e-11
4.354354354354354584e+00,1.049756065420187710e-11
4.364364364364364590e+00,1.049760620987420882e-11
4.374374374374374597e+00,1.049765091477767082e-11
4.384384384384384603e+00,1.049769478480068692e-11
4.394394394394394610e+00,1.049773783553496058e-11
4.404404404404404616e+00,1.049778008228101154e-11
4.414414414414414622e+00,1.049782154005361709e-11
4.424424424424424629e+00,1.049786222358715162e-11
4.434434434434434635e+00,1.049790214734080978e-11
4.444444444444444642e+00,1.049794132550376991e-11
4.454454454454454648e+00,1.049797977200020723e-11
4.464464464464464655e+00,1.049801750049426496e-11
4.474474474474474661e+00,1.049805452439490433e-11
4.484484484484484668e+00,1.049809085686066896e-11
4.494494494494494674e+00,1.049812651080435873e-11
4.504504504504504681e+00,1.049816149889762131e-11
4.514514514514514687e+00,1.049819583357545962e-11
4.524524524524524693e+00,1.049822952704064722e-11
4.534534534534534700e+00,1.049826259126806943e-11
4.544544544544544706e+00,1.049829503800897070e-11
4.554554554554554713e+00,1.049832687879513895e-11
4.564564564564564719e+00,1.049835812494299950e-11
4.574574574574574726e+00,1.049838878755764432e-11
4.584584584584584732e+00,1.049841887753676762e-11
4.594594594594594739e+00,1.049844840557455458e-11
4.604604604604604745e+00,1.049847738216545692e-11
4.614614614614614752e+00,1.049850581760795405e-11
4.624624624624624758e+00,1.049853372200818974e-11
4.634634634634634764e+00,1.049856110528357000e-11
4.644644644644644771e+00,1.049858797716629640e-11
4.654654654654654777e+00,1.049861434720681052e-11
4.664664664664664784e+00,1.049864022477720277e-11
4.674674674674674790e+00,1.049866561907453251e-11
4.684684684684684797e+00,1.049869053912410115e-11
4.694694694694694803e+00,1.049871499378265754e-11
4.704704704704704810e+00,1.049873899174154992e-11
4.714714714714714816e+00,1.049876254152981335e-11
4.724724724724724823e+00,1.049878565151719732e-11
4.734734734734734829e+00,1.049880832991714164e-11
4.744744744744744835e+00,1.049883058478970551e-11
4.754754754754754842e+00,1.049885242404440932e-11
4.764764764764764848e+00,1.049887385544307812e-11
4.774774774774774855e+00,1.049889488660256548e-11
4.784784784784784861e+00,1.049891552499748544e-11
4.794794794794794868e+00,1.049893577796286369e-11
4.804804804804804874e+00,1.049895565269673223e-11
4.814814814814814881e+00,1.049897515626270780e-11
4.824824824824824887e+00,1.049899429559248315e-11
4.834834834834834894e+00,1.049901307748830375e-11
4.844844844844844900e+00,1.049903150862537818e-11
4.854854854854854906e+00,1.049904959555425474e-11
4.864864864864864913e+00,1.049906734470314622e-11
4.874874874874874919e+00,1.049908476238021921e-11
4.884884884884884926e+00,1.049910185477583008e-11
4.894894894894894932e+00,1.049911862796472862e-11
4.904904904904904939e+00,1.049913508790821648e-11
4.914914914914914945e+00,1.049915124045626360e-11
4.924924924924924952e+00,1.049916709134959549e-11
4.934934934934934958e+00,1.049918264622172574e-11
4.944944944944944965e+00,1.049919791060095118e-11
4.954954954954954971e+00,1.049921288991233907e-11
4.964964964964964977e+00,1.049922758947963355e-11
4.974974974974974984e+00,1.049924201452715710e-11
4.984984984984984990e+00,1.049925617018166692e-11
4.994994994994994997e+00,1.049927006147417728e-11
5.005005005005005003e+00,1.049928369334173990e-11
5.015015015015015010e+00,1.049929707062921302e-11
5.025025025025025016e+00,1.049931019809097553e-11
5.035035035035035023e+00,1.049932308039261043e-11
5.045045045045045029e+00,1.049933572211257211e-11
5.055055055055055035e+00,1.049934812774381324e-11
5.065065065065065042e+00,1.049936030169537611e-11
5.075075075075075048e+00,1.049937224829395979e-11
5.085085085085085055e+00,1.049938397178546942e-11
5.095095095095095061e+00,1.049939547633650747e-11
5.105105105105105068e+00,1.049940676603586647e-11
5.115115115115115074e+00,1.049941784489598308e-11
5.125125125125125081e+00,1.049942871685435497e-11
5.135135135135135087e+00,1.049943938577494471e-11
5.145145145145145094e+00,1.049944985544956117e-11
5.155155155155155100e+00,1.049946012959919554e-11
5.165165165165165106e+00,1.049947021187534456e-11
5.175175175175175113e+00,1.049948010586131909e-11
5.185185185185185119e+00,1.049948981507350431e-11
5.195195195195195126e+00,1.049949934296261985e-11
5.205205205205205132e+00,1.049950869291493796e-11
5.215215215215215139e+00,1.049951786825349358e-11
5.225225225225225145e+00,1.049952687223926209e-11
5.235235235235235152e+00,1.049953570807232257e-11
5.245245245245245158e+00,1.049954437889298541e-11
5.255255255255255165e+00,1.049955288778291362e-11
5.265265265265265171e+00,1.049956123776622943e-11
5.275275275275275177e+00,1.049956943181056768e-11
5.285285285285285184e+00,1.049957747282814697e-11
5.295295295295295190e+00,1.049958536367679553e-11
5.305305305305305197e+00,1.049959310716097715e-11
5.315315315315315203e+00,1.049960070603277181e-11
5.325325325325325210e+00,1.049960816299287250e-11
5.335335335335335216e+00,1.049961548069152875e-11
5.345345345345345223e+00,1.049962266172950142e-11
5.355355355355355229e+00,1.049962970865897552e-11
5.365365365365365236e+00,1.049963662398447782e-11
5.375375375375375242e+00,1.049964341016376228e-11
5.385385385385385248e+00,1.049965006960867753e-11
5.395395395395395255e+00,1.049965660468603772e-11
5.405405405405405261e+00,1.049966301771844967e-11
5.415415415415415268e+00,1.049966931098514658e-11
5.425425425425425274e+00,1.049967548672279896e-11
5.435435435435435281e+00,1.049968154712630471e-11
5.445445445445445287e+00,1.049968749434957108e-11
5.455455455455455294e+00,1.049969333050627715e-11
5.465465465465465300e+00,1.049969905767063488e-11
5.475475475475475307e+00,1.049970467787811441e-11
5.485485485485485313e+00,1.049971019312617274e-11
5.495495495495495319e+00,1.049971560537496944e-11
5.505505505505505326e+00,1.049972091654804838e-11
5.515515515515515332e+00,1.049972612853304058e-11
5.525525525525525339e+00,1.049973124318231685e-11
5.535535535535535345e+00,1.049973626231365506e-11
5.545545545545545352e+00,1.049974118771088958e-11
5.555555555555555358e+00,1.049974602112453978e-11
5.565565565565565365e+00,1.049975076427243036e-11
5.575575575575575371e+00,1.049975541884031179e-11
5.585585585585585378e+00,1.049975998648244191e-11
5.595595595595595384e+00,1.049976446882219336e-11
5.605605605605605390e+00,1.049976886745262068e-11
5.615615615615615397e+00,1.049977318393702576e-11
5.625625625625625403e+00,1.049977741980951198e-11
5.635635635635635410e+00,1.049978157657553836e-11
5.645645645645645416e+00,1.049978565571244787e-11
5.655655655655655423e+00,1.049978965866999083e-11
5.665665665665665429e+00,1.049979358687084522e-11
5.675675675675675436e+00,1.049979744171112065e-11
5.685685685685685442e+00,1.049980122456085277e-11
5.695695695695695449e+00,1.049980493676448798e-11
5.705705705705705455e+00,1.049980857964137126e-11
5.715715715715715461e+00,1.049981215448620183e-11
5.725725725725725468e+00,1.049981566256950489e-11
5.735735735735735474e+00,1.049981910513807748e-11
5.745745745745745481e+00,1.049982248341542799e-11
5.755755755755755487e+00,1.049982579860222037e-11
5.765765765765765494e+00,1.049982905187669425e-11
5.775775775775775500e+00,1.049983224439508333e-11
5.785785785785785507e+00,1.049983537729203061e-11
5.795795795795795513e+00,1.049983845168098745e-11
5.805805805805805520e+00,1.049984146865461256e-11
5.815815815815815526e+00,1.049984442928515661e-11
5.825825825825825532e+00,1.049984733462484824e-11
5.835835835835835539e+00,1.049985018570626575e-11
5.845845845845845545e+00,1.049985298354269893e-11
5.855855855855855552e+00,1.049985572912852065e-11
5.865865865865865558e+00,1.049985842343952777e-11
5.875875875875875565e+00,1.049986106743329494e-11
5.885885885885885571e+00,1.049986366204951710e-11
5.895895895895895578e+00,1.049986620821033909e-11
5.905905905905905584e+00,1.049986870682068034e-11
5.915915915915915591e+00,1.049987115876856608e-11
5.925925925925925597e+00,1.049987356492543109e-11
5.935935935935935603e+00,1.049987592614644280e-11
5.945945945945945610e+00,1.049987824327079210e-11
5.955955955955955616e+00,1.049988051712200029e-11
5.965965965965965623e+00,1.049988274850821315e-11
5.975975975975975629e+00,1.049988493822247553e-11
5.985985985985985636e+00,1.049988708704302546e-11
5.995995995995995642e+00,1.049988919573357037e-11
6.006006006006005649e+00,1.049989126504355527e-11
6.016016016016015655e+00,1.049989329570842127e-11
6.026026026026025662e+00,1.049989528844988186e-11
6.036036036036035668e+00,1.049989724397617003e-11
6.046046046046045674e+00,1.049989916298229683e-11
6.056056056056055681e+00,1.049990104615028398e-11
6.066066066066065687e+00,1.049990289414942401e-11
6.076076076076075694e+00,1.049990470763650638e-11
6.086086086086085700e+00,1.049990648725605829e-11
6.096096096096095707e+00,1.049990823364057078e-11
6.106106106106105713e+00,1.049990994741071527e-11
6.116116116116115720e+00,1.049991162917557781e-11
6.126126126126125726e+00,1.049991327953287070e-11
6.136136136136135732e+00,1.049991489906914094e-11
6.146146146146145739e+00,1.049991648835998182e-11
6.156156156156155745e+00,1.049991804797023655e-11
6.166166166166165752e+00,1.049991957845420497e-11
6.176176176176175758e+00,1.049992108035582783e-11
6.186186186186185765e+00,1.049992255420889187e-11
6.196196196196195771e+00,1.049992400053721407e-11
6.206206206206205778e+00,1.049992541985482739e-11
6.216216216216215784e+00,1.049992681266616824e-11
6.226226226226225791e+00,1.049992817946625088e-11
6.236236236236235797e+00,1.049992952074084521e-11
6.246246246246245803e+00,1.049993083696664637e-11
6.256256256256255810e+00,1.049993212861145408e-11
6.266266266266265816e+00,1.049993339613432450e-11
6.276276276276275823e+00,1.049993463998574471e-11
6.286286286286285829e+00,1.049993586060778620e-11
6.296296296296295836e+00,1.049993705843426967e-11
6.306306306306305842e+00,1.049993823389090394e-11
6.316316316316315849e+00,1.049993938739546044e-11
6.326326326326325855e+00,1.049994051935790089e-11
6.336336336336335862e+00,1.049994163018052910e-11
6.346346346346345868e+00,1.049994272025813963e-11
6.356356356356355874e+00,1.049994378997815673e-11
6.366366366366365881e+00,1.049994483972076200e-11
6.376376376376375887e+00,1.049994586985904296e-11
6.386386386386385894e+00,1.049994688075911427e-11
6.396396396396395900e+00,1.049994787278026152e-11
6.406406406406405907e+00,1.049994884627505267e-11
6.416416416416416801e+00,1.049994980158947378e-11
6.426426426426426808e+00,1.049995073906305180e-11
6.436436436436436814e+00,1.049995165902896926e-11
6.446446446446446821e+00,1.049995256181418707e-11
6.456456456456456827e+00,1.049995344773956406e-11
6.466466466466466834e+00,1.049995431711996202e-11
6.476476476476476840e+00,1.049995517026436521e-11
6.486486486486486847e+00,1.049995600747598541e-11
6.496496496496496853e+00,1.049995682905237338e-11
6.506506506506506859e+00,1.049995763528552549e-11
6.516516516516516866e+00,1.049995842646197905e-11
6.526526526526526872e+00,1.049995920286292538e-11
6.536536536536536879e+00,1.049995996476430030e-11
6.546546546546546885e+00,1.049996071243689075e-11
6.556556556556556892e+00,1.049996144614642367e-11
6.566566566566566898e+00,1.049996216615366450e-11
6.576576576576576905e+00,1.049996287271450771e-11
6.586586586586586911e+00,1.049996356608006885e-11
6.596596596596596918e+00,1.049996424649677828e-11
6.606606606606606924e+00,1.049996491420645708e-11
6.616616616616616930e+00,1.049996556944641399e-11
6.626626626626626937e+00,1.049996621244952621e-11
6.636636636636636943e+00,1.049996684344432338e-11
6.646646646646646950e+00,1.049996746265506192e-11
6.656656656656656956e+00,1.049996807030181389e-11
6.666666666666666963e+00,1.049996866660054288e-11
6.676676676676676969e+00,1.049996925176317517e-11
6.686686686686686976e+00,1.049996982599768366e-11
6.696696696696696982e+00,1.049997038950815417e-11
6.706706706706706989e+00,1.049997094249485973e-11
6.716716716716716995e+00,1.049997148515433812e-11
6.726726726726727001e+00,1.049997201767945491e-11
6.736736736736737008e+00,1.049997254025946967e-11
6.746746746746747014e+00,1.049997305308011191e-11
6.756756756756757021e+00,1.049997355632364409e-11
6.766766766766767027e+00,1.049997405016891817e-11
6.776776776776777034e+00,1.049997453479145477e-11
6.786786786786787040e+00,1.049997501036348841e-11
6.796796796796797047e+00,1.049997547705404019e-11
6.806806806806807053e+00,1.049997593502897597e-11
6.816816816816817060e+00,1.049997638445106456e-11
6.826826826826827066e+00,1.049997682548003258e-11
6.836836836836837072e+00,1.049997725827262107e-11
6.846846846846847079e+00,1.049997768298265332e-11
6.856856856856857085e+00,1.049997809976107039e-11
6.866866866866867092e+00,1.049997850875599900e-11
6.876876876876877098e+00,1.049997891011280000e-11
6.886886886886887105e+00,1.049997930397411358e-11
6.896896896896897111e+00,1.049997969047992551e-11
6.906906906906907118e+00,1.049998006976760108e-11
6.916916916916917124e+00,1.049998044197194166e-11
6.926926926926927131e+00,1.049998080722522991e-11
6.936936936936937137e+00,1.049998116565727986e-11
6.946946946946947143e+00,1.049998151739548218e-11
6.956956956956957150e+00,1.049998186256484454e-11
6.966966966966967156e+00,1.049998220128804493e-11
6.976976976976977163e+00,1.049998253368546560e-11
6.986986986986987169e+00,1.049998285987524312e-11
6.996996996996997176e+00,1.049998317997330718e-11
7.007007007007007182e+00,1.049998349409342420e-11
7.017017017017017189e+00,1.049998380234723447e-11
7.027027027027027195e+00,1.049998410484429258e-11
7.037037037037037202e+00,1.049998440169210616e-11
7.047047047047047208e+00,1.049998469299618112e-11
7.057057057057057214e+00,1.049998497886004429e-11
7.067067067067067221e+00,1.049998525938529832e-11
7.077077077077077227e+00,1.049998553467163949e-11
7.087087087087087234e+00,1.049998580481690936e-11
7.097097097097097240e+00,1.049998606991711744e-11
7.107107107107107247e+00,1.049998633006648314e-11
7.117117117117117253e+00,1.049998658535746330e-11
7.127127127127127260e+00,1.049998683588079250e-11
7.137137137137137266e+00,1.049998708172550739e-11
7.147147147147147273e+00,1.049998732297898374e-11
7.157157157157157279e+00,1.049998755972696240e-11
7.167167167167167285e+00,1.049998779205358637e-11
7.177177177177177292e+00,1.049998802004142669e-11
7.187187187187187298e+00,1.049998824377151151e-11
7.197197197197197305e+00,1.049998846332335520e-11
7.207207207207207311e+00,1.049998867877498738e-11
7.217217217217217318e+00,1.049998889020298202e-11
7.227227227227227324e+00,1.049998909768248333e-11
7.237237237237237331e+00,1.049998930128722993e-11
7.247247247247247337e+00,1.049998950108958234e-11
7.257257257257257343e+00,1.049998969716055371e-11
7.267267267267267350e+00,1.049998988956982754e-11
7.277277277277277356e+00,1.049999007838578840e-11
7.287287287287287363e+00,1.049999026367554454e-11
7.297297297297297369e+00,1.049999044550494407e-11
7.307307307307307376e+00,1.049999062393861533e-11
7.317317317317317382e+00,1.049999079903997332e-11
7.327327327327327389e+00,1.049999097087124887e-11
7.337337337337337395e+00,1.049999113949351277e-11
7.347347347347347402e+00,1.049999130496669362e-11
7.357357357357357408e+00,1.049999146734960363e-11
7.367367367367367414e+00,1.049999162669995320e-11
7.377377377377377421e+00,1.049999178307437834e-11
7.387387387387387427e+00,1.049999193652845363e-11
7.397397397397397434e+00,1.049999208711671808e-11
7.407407407407407440e+00,1.049999223489269122e-11
7.417417417417417447e+00,1.049999237990889419e-11
7.427427427427427453e+00,1.049999252221686744e-11
7.437437437437437460e+00,1.049999266186718855e-11
7.447447447447447466e+00,1.049999279890948835e-11
7.457457457457457473e+00,1.049999293339247357e-11
7.467467467467467479e+00,1.049999306536393973e-11
7.477477477477477485e+00,1.049999319487079055e-11
7.487487487487487492e+00,1.049999332195905412e-11
7.497497497497497498e+00,1.049999344667389741e-11
7.507507507507507505e+00,1.049999356905964728e-11
7.517517517517517511e+00,1.049999368915979695e-11
7.527527527527527518e+00,1.049999380701703346e-11
7.537537537537537524e+00,1.049999392267324253e-11
7.547547547547547531e+00,1.049999403616953116e-11
7.557557557557557537e+00,1.049999414754623571e-11
7.567567567567567544e+00,1.049999425684293805e-11
7.577577577577577550e+00,1.049999436409848500e-11
7.587587587587587556e+00,1.049999446935099632e-11
7.597597597597597563e+00,1.049999457263787771e-11
7.607607607607607569e+00,1.049999467399584014e-11
7.617617617617617576e+00,1.049999477346090476e-11
7.627627627627627582e+00,1.049999487106842384e-11
7.637637637637637589e+00,1.049999496685308726e-11
7.647647647647647595e+00,1.049999506084893706e-11
7.657657657657657602e+00,1.049999515308937875e-11
7.667667667667667608e+00,1.049999524360719903e-11
7.677677677677677615e+00,1.049999533243456426e-11
7.687687687687687621e+00,1.049999541960304785e-11
7.697697697697697627e+00,1.049999550514362545e-11
7.707707707707707634e+00,1.049999558908670404e-11
7.717717717717717640e+00,1.049999567146211542e-11
7.727727727727727647e+00,1.049999575229913403e-11
7.737737737737737653e+00,1.049999583162649310e-11
7.747747747747747660e+00,1.049999590947238462e-11
7.757757757757757666e+00,1.049999598586447551e-11
7.767767767767767673e+00,1.049999606082991733e-11
7.777777777777777679e+00,1.049999613439535113e-11
7.787787787787787686e+00,1.049999620658692355e-11
7.797797797797797692e+00,1.049999627743029336e-11
7.807807807807807698e+00,1.049999634695063624e-11
7.817817817817817705e+00,1.049999641517266260e-11
7.827827827827827711e+00,1.049999648212061757e-11
7.837837837837837718e+00,1.049999654781829389e-11
7.847847847847847724e+00,1.049999661228904325e-11
7.857857857857857731e+00,1.049999667555577792e-11
7.867867867867867737e+00,1.049999673764098363e-11
7.877877877877877744e+00,1.049999679856672446e-11
7.887887887887887750e+00,1.049999685835465575e-11
7.897897897897897757e+00,1.049999691702602406e-11
7.907907907907907763e+00,1.049999697460168665e-11
7.917917917917917769e+00,1.049999703110210006e-11
7.927927927927927776e+00,1.049999708654734767e-11
7.937937937937937782e+00,1.049999714095713640e-11
7.947947947947947789e+00,1.049999719435080160e-11
7.957957957957957795e+00,1.049999724674732158e-11
7.967967967967967802e+00,1.049999729816531597e-11
7.977977977977977808e+00,1.049999734862306192e-11
7.987987987987987815e+00,1.049999739813849082e-11
7.997997997997997821e+00,1.049999744672920127e-11
8.008008008008008716e+00,1.049999749441246066e-11
8.018018018018018722e+00,1.049999754120522134e-11
8.028028028028028729e+00,1.049999758712410771e-11
8.038038038038038735e+00,1.049999763218544205e-11
8.048048048048048742e+00,1.049999767640524129e-11
8.058058058058058748e+00,1.049999771979921861e-11
8.068068068068068754e+00,1.049999776238279805e-11
8.078078078078078761e+00,1.049999780417111280e-11
8.088088088088088767e+00,1.049999784517901657e-11
8.098098098098098774e+00,1.049999788542108195e-11
8.108108108108108780e+00,1.049999792491161174e-11
8.118118118118118787e+00,1.049999796366464216e-11
8.128128128128128793e+00,1.049999800169394609e-11
8.138138138138138800e+00,1.049999803901303953e-11
8.148148148148148806e+00,1.049999807563518322e-11
8.158158158158158813e+00,1.049999811157339718e-11
8.168168168168168819e+00,1.049999814684044939e-11
8.178178178178178825e+00,1.049999818144887842e-11
8.188188188188188832e+00,1.049999821541098213e-11
8.198198198198198838e+00,1.049999824873883218e-11
8.208208208208208845e+00,1.049999828144427083e-11
8.218218218218218851e+00,1.049999831353892545e-11
8.228228228228228858e+00,1.049999834503419885e-11
8.238238238238238864e+00,1.049999837594128707e-11
8.248248248248248871e+00,1.049999840627117447e-11
8.258258258258258877e+00,1.049999843603464025e-11
8.268268268268268884e+00,1.049999846524226167e-11
8.278278278278278890e+00,1.049999849390442047e-11
8.288288288288288896e+00,1.049999852203130295e-11
8.298298298298298903e+00,1.049999854963290635e-11
8.308308308308308909e+00,1.049999857671904053e-11
8.318318318318318916e+00,1.049999860329932952e-11
8.328328328328328922e+00,1.049999862938322290e-11
8.338338338338338929e+00,1.049999865497998930e-11
8.348348348348348935e+00,1.049999868009872770e-11
8.358358358358358942e+00,1.049999870474836422e-11
8.368368368368368948e+00,1.049999872893766018e-11
8.378378378378378954e+00,1.049999875267521214e-11
8.388388388388388961e+00,1.049999877596945506e-11
8.398398398398398967e+00,1.049999879882867207e-11
8.408408408408408974e+00,1.049999882126098310e-11
8.418418418418418980e+00,1.049999884327436270e-11
8.428428428428428987e+00,1.049999886487663514e-11
8.438438438438438993e+00,1.049999888607547609e-11
8.448448448448449000e+00,1.049999890687842226e-11
8.458458458458459006e+00,1.049999892729286658e-11
8.468468468468469013e+00,1.049999894732606142e-11
8.478478478478479019e+00,1.049999896698512989e-11
8.488488488488489025e+00,1.049999898627705780e-11
8.498498498498499032e+00,1.049999900520870333e-11
8.508508508508509038e+00,1.049999902378679214e-11
8.518518518518519045e+00,1.049999904201792878e-11
8.528528528528529051e+00,1.049999905990859334e-11
8.538538538538539058e+00,1.049999907746514319e-11
8.548548548548549064e+00,1.049999909469381608e-11
8.558558558558559071e+00,1.049999911160073834e-11
8.568568568568569077e+00,1.049999912819191832e-11
8.578578578578579084e+00,1.049999914447324969e-11
8.588588588588589090e+00,1.049999916045052434e-11
8.598598598598599096e+00,1.049999917612941619e-11
8.608608608608609103e+00,1.049999919151549903e-11
8.618618618618619109e+00,1.049999920661424001e-11
8.628628628628629116e+00,1.049999922143100934e-11
8.638638638638639122e+00,1.049999923597106736e-11
8.648648648648649129e+00,1.049999925023958558e-11
8.658658658658659135e+00,1.049999926424163531e-11
8.668668668668669142e+00,1.049999927798218935e-11
8.678678678678679148e+00,1.049999929146613483e-11
8.688688688688689155e+00,1.049999930469826197e-11
8.698698698698699161e+00,1.049999931768327538e-11
8.708708708708709167e+00,1.049999933042578915e-11
8.718718718718719174e+00,1.049999934293033017e-11
8.728728728728729180e+00,1.049999935520134614e-11
8.738738738738739187e+00,1.049999936724319432e-11
8.748748748748749193e+00,1.049999937906015761e-11
8.758758758758759200e+00,1.049999939065643654e-11
8.768768768768769206e+00,1.049999940203614925e-11
8.778778778778779213e+00,1.049999941320334117e-11
8.788788788788789219e+00,1.049999942416198340e-11
8.798798798798799226e+00,1.049999943491596791e-11
8.808808808808809232e+00,1.049999944546911716e-11
8.818818818818819238e+00,1.049999945582518255e-11
8.828828828828829245e+00,1.049999946598784601e-11
8.838838838838839251e+00,1.049999947596071676e-11
8.848848848848849258e+00,1.049999948574734100e-11
8.858858858858859264e+00,1.049999949535119549e-11
8.868868868868869271e+00,1.049999950477569557e-11
8.878878878878879277e+00,1.049999951402419035e-11
8.888888888888889284e+00,1.049999952309996595e-11
8.898898898898899290e+00,1.049999953200624707e-11
8.908908908908909297e+00,1.049999954074620026e-11
8.918918918918919303e+00,1.049999954932293231e-11
8.928928928928929309e+00,1.049999955773949019e-11
8.938938938938939316e+00,1.049999956599886761e-11
8.948948948948949322e+00,1.049999957410399522e-11
8.958958958958959329e+00,1.049999958205775848e-11
8.968968968968969335e+00,1.049999958986298143e-11
8.978978978978979342e+00,1.049999959752243964e-11
8.988988988988989348e+00,1.049999960503885538e-11
8.998998998998999355e+00,1.049999961241489760e-11
9.009009009009009361e+00,1.049999961965319164e-11
9.019019019019019368e+00,1.049999962675630626e-11
9.029029029029029374e+00,1.049999963372676665e-11
9.039039039039039380e+00,1.049999964056705271e-11
9.049049049049049387e+00,1.049999964727959430e-11
9.059059059059059393e+00,1.049999965386677602e-11
9.069069069069069400e+00,1.049999966033094048e-11
9.079079079079079406e+00,1.049999966667438342e-11
9.089089089089089413e+00,1.049999967289936020e-11
9.099099099099099419e+00,1.049999967900808418e-11
9.109109109109109426e+00,1.049999968500272508e-11
9.119119119119119432e+00,1.049999969088541388e-11
9.129129129129129439e+00,1.049999969665824113e-11
9.139139139139139445e+00,1.049999970232325865e-11
9.149149149149149451e+00,1.049999970788247943e-11
9.159159159159159458e+00,1.049999971333788098e-11
9.169169169169169464e+00,1.049999971869140036e-11
9.179179179179179471e+00,1.049999972394494076e-11
9.189189189189189477e+00,1.049999972910036977e-11
9.199199199199199484e+00,1.049999973415951787e-11
9.209209209209209490e+00,1.049999973912418644e-11
9.219219219219219497e+00,1.049999974399613646e-11
9.229229229229229503e+00,1.049999974877710308e-11
9.239239239239239510e+00,1.049999975346878104e-11
9.249249249249249516e+00,1.049999975807284086e-11
9.259259259259259522e+00,1.049999976259091914e-11
9.269269269269269529e+00,1.049999976702462015e-11
9.279279279279279535e+00,1.049999977137552070e-11
9.289289289289289542e+00,1.049999977564516530e-11
9.299299299299299548e+00,1.049999977983507421e-11
9.309309309309309555e+00,1.049999978394673377e-11
9.319319319319319561e+00,1.049999978798160771e-11
9.329329329329329568e+00,1.049999979194112743e-11
9.339339339339339574e+00,1.049999979582670334e-11
9.349349349349349581e+00,1.049999979963971354e-11
9.359359359359359587e+00,1.049999980338151513e-11
9.369369369369369593e+00,1.049999980705343611e-11
9.379379379379379600e+00,1.049999981065678349e-11
9.389389389389389606e+00,1.049999981419283682e-11
9.399399399399399613e+00,1.049999981766285303e-11
9.409409409409409619e+00,1.049999982106806642e-11
9.419419419419419626e+00,1.049999982440968545e-11
9.429429429429429632e+00,1.049999982768889921e-11
9.439439439439439639e+00,1.049999983090687090e-11
9.449449449449449645e+00,1.049999983406474598e-11
9.459459459459459651e+00,1.049999983716364728e-11
9.469469469469469658e+00,1.049999984020467663e-11
9.479479479479479664e+00,1.049999984318891164e-11
9.489489489489489671e+00,1.049999984611741697e-11
9.499499499499499677e+00,1.049999984899122982e-11
9.509509509509509684e+00,1.049999985181137287e-11
9.519519519519519690e+00,1.049999985457884940e-11
9.529529529529529697e+00,1.049999985729464168e-11
9.539539539539539703e+00,1.049999985995971583e-11
9.549549549549549710e+00,1.049999986257502020e-11
9.559559559559559716e+00,1.049999986514148215e-11
9.569569569569569722e+00,1.049999986766001447e-11
9.579579579579579729e+00,1.049999987013151059e-11
9.589589589589589735e+00,1.049999987255685261e-11
9.599599599599599742e+00,1.049999987493689842e-11
9.609609609609609748e+00,1.049999987727249781e-11
9.619619619619619755e+00,1.049999987956447957e-11
9.629629629629629761e+00,1.049999988181365636e-11
9.639639639639639768e+00,1.049999988402082950e-11
9.649649649649649774e+00,1.049999988618678255e-11
9.659659659659659781e+00,1.049999988831228614e-11
9.669669669669669787e+00,1.049999989039809475e-11
9.679679679679679793e+00,1.049999989244494995e-11
9.689689689689689800e+00,1.049999989445357874e-11
9.699699699699699806e+00,1.049999989642469682e-11
9.709709709709709813e+00,1.049999989835900375e-11
9.719719719719719819e+00,1.049999990025718616e-11
9.729729729729729826e+00,1.049999990211991935e-11
9.739739739739739832e+00,1.049999990394786572e-11
9.749749749749749839e+00,1.049999990574167473e-11
9.759759759759759845e+00,1.049999990750198293e-11
9.769769769769769852e+00,1.049999990922941716e-11
9.779779779779779858e+00,1.049999991092459135e-11
9.789789789789789864e+00,1.049999991258810649e-11
9.799799799799799871e+00,1.049999991422055551e-11
9.809809809809809877e+00,1.049999991582251839e-11
9.819819819819819884e+00,1.049999991739456222e-11
9.829829829829829890e+00,1.049999991893724922e-11
9.839839839839839897e+00,1.049999992045112545e-11
9.849849849849849903e+00,1.049999992193673052e-11
9.859859859859859910e+00,1.049999992339458950e-11
9.869869869869869916e+00,1.049999992482522422e-11
9.879879879879879923e+00,1.049999992622914036e-11
9.889889889889889929e+00,1.049999992760683713e-11
9.899899899899899935e+00,1.049999992895880730e-11
9.909909909909909942e+00,1.049999993028552745e-11
9.919919919919919948e+00,1.049999993158747096e-11
9.929929929929929955e+00,1.049999993286509827e-11
9.939939939939939961e+00,1.049999993411886659e-11
9.949949949949949968e+00,1.049999993534922181e-11
9.959959959959959974e+00,1.049999993655659855e-11
9.969969969969969981e+00,1.049999993774142653e-11
9.979979979979979987e+00,1.049999993890412905e-11
9.989989989989989994e+00,1.049999994004511646e-11
1.000000000000000000e+01,1.049999994116479589e-11
